{"type": "block", "layer": 0, "block": 0, "features": [{"geom": {"pts": [[1907194.468794626, 5763211.086671002, 1045.44189453125]], "r": 200.0}, "mtl": 0, "lbl": "Mt Tarawera", "lh": 1500.0}], "featureCount": 1, "startIndex": 0}